{
    "status": "success",
    "data": {
        "jobs": [
            {
                "id": 2,
                "title": "Carer",
                "company": "VAH Care",
                "location": "Liverpool",
                "category": "Care",
                "description": "Join our caring team as a Care Assistant. You'll provide personal care and support to help clients maintain their independence and dignity in their own homes.",
                "requirements": "\u2022 Care Certificate or willingness to obtain\n\u2022 Compassionate and patient nature\n\u2022 Good physical fitness\n\u2022 Reliable and punctual\n\u2022 Driving license preferred",
                "salary": "",
                "job_type": "Day Shift",
                "status": "active",
                "created_at": "2025-08-05 21:32:55",
                "updated_at": "2025-08-07 11:10:08"
            },
            {
                "id": 3,
                "title": "Mental Health Nurse",
                "company": "VAH Care",
                "location": "England\/Wales",
                "category": "Nursing",
                "description": "We're looking for a dedicated Mental Health Nurse to provide specialized care and support to patients with mental health conditions in community and residential settings.",
                "requirements": "\u2022 RMN qualification and NMC registration\n\u2022 Experience in mental health settings\n\u2022 Strong assessment and care planning skills\n\u2022 Excellent communication abilities\n\u2022 Understanding of mental health legislation",
                "salary": "\u00a328,000 - \u00a338,000",
                "job_type": "Full-time",
                "status": "active",
                "created_at": "2025-08-05 21:32:55",
                "updated_at": "2025-08-05 22:09:02"
            }
        ],
        "total_count": 2
    }
}